ID,Question,Answer
1,"How far in advance should I book my flight?","For domestic flights, booking 4-8 weeks ahead usually gets you a good price. For international routes, aim for 2-6 months in advance to secure the best fares and seat selection."
2,"Can I change the name on my airline ticket?","Most airlines allow minor corrections like typos or legal name changes, but they may charge a fee. Major transfers of the ticket to another person are generally not permitted. Check your airline's specific policy."
3,"What is the typical checked baggage allowance for economy class?","Economy tickets usually include one checked bag weighing up to 50 lbs (23 kg) with dimensions around 62 linear inches. However, this varies by airline and route, so always verify when booking."
4,"How do I cancel my flight and get a refund?","The process depends on your ticket type. Refundable tickets can be canceled for a full refund. Non-refundable tickets may qualify for an eCredit or partial refund if you cancel within 24 hours of booking."
5,"What counts as a carry-on bag?","A carry-on is typically one large bag that fits in the overhead bin plus one personal item like a purse, laptop bag, or small backpack that must fit under the seat. Dimensions are usually around 22 x 14 x 9 inches."
6,"Why was I charged a fee for checking my first bag?","Many budget and low-cost carriers charge for even the first checked bag, and some major airlines have introduced fees for economy tickets on certain routes. Premium economy, business class, or elite status members often fly free with bags."
7,"What is the 24-hour cancellation rule?","U.S. regulations require airlines to offer a full refund if you cancel within 24 hours of booking, as long as your flight was booked at least seven days before departure. This applies to most major U.S. carriers."
8,"How early should I arrive at the airport?","Arrive at least 2 hours before a domestic flight and 3 hours before an international flight. If you're checking bags or need special assistance, consider arriving even earlier during peak travel periods."
9,"What happens if my bag is lost or delayed?","File a report with the airline's baggage office immediately upon arrival. Keep your claim ticket and receipt for any essential items you purchase. Most airlines will deliver your bag to your destination once it's located."
10,"Can I bring my own food on a plane?","Yes, you can bring solid food through security and onto the aircraft. Liquid or gel foods must follow the 3-1-1 rule (containers of 3.4 oz or less in a quart-sized bag). Some airports restrict outside food for security reasons."
11,"Do airlines allow emotional support animals now?","Most major U.S. airlines no longer recognize emotional support animals as service animals per updated DOT rules. They now require certified service dogs only, and you may need documentation before travel. Pets can usually fly in the cabin for a fee."
12,"What is an airline fare class or booking code?","Fare classes are letters like Y, B, M, K that indicate your specific ticket type within economy or business. They determine your flexibility for changes, upgrade eligibility, and frequent flyer bonus points."
13,"How does basic economy differ from regular economy?","Basic economy tickets are cheaper but come with restrictions: no seat selection before check-in, last boarding group, no carry-on on some airlines (personal item only), and often no changes allowed. Always read the fine print."
14,"Can I get a refund if my flight was canceled by the airline?","If the airline cancels your flight, you're entitled to a full refund regardless of ticket type. You can choose a refund to your original payment method or rebooking on the next available flight at no cost."
15,"What should I do if my flight is significantly delayed?","For delays within the airline's control, they may be required to provide compensation, meal vouchers, or hotel accommodations depending on the destination's regulations. In the EU, Regulation 261/EC offers significant passenger protections."
16,"How do I select or upgrade my seat?","Seats can be selected during booking, via your airline's website afterward, or at online check-in. Some airlines charge for preferred seats (extra legroom, front rows), while upgrades to premium economy or business require paying the fare difference."
17,"What is a stopover vs. a layover?","A layover is a short connection between flights, typically under 24 hours. A stopover is an intentional break in your journey that lasts longer, sometimes days or weeks, and many airlines offer special stopover programs at low or no cost."
18,"Do I need travel insurance for my flight?","Travel insurance is optional but can be valuable for non-refundable trips, expensive bookings, or international travel. It typically covers trip cancellation, delays, lost luggage, and medical emergencies. Check if your credit card already provides some coverage."
19,"How do I link my frequent flyer number to a reservation?","Add your frequent flyer number during the booking process on the airline's website. You can also add or update it later through the 'Manage My Booking' section of the airline's site or mobile app."
20,"What are hidden city ticketing and point-to-point ticketing?","Hidden city ticketing means booking a cheaper flight with your actual destination as a layover—however, airlines prohibit this and may cancel return tickets. Point-to-point ticketing is buying separate one-way tickets on different airlines to find the best price."
21,"What special assistance can I request for disabilities?","Airlines provide wheelchair service, boarding assistance, visual/hearing aids, and priority seating at no extra cost. Request these services at least 48 hours before your flight by calling the airline or using their accessibility online forms."
22,"Can I travel with my pet in the cabin?","Most airlines allow one small pet carrier in the cabin under the seat for a fee ($95-$150 typically). The pet and carrier must meet weight limits (usually under 20 lbs combined), and some destinations have quarantine requirements."
23,"What is travel hacking with airline miles?","Travel hacking involves signing up for credit card sign-up bonuses to accumulate frequent flyer miles, which can then be redeemed for free flights or upgrades. Always read the terms carefully and pay off balances monthly to avoid interest charges."
24,"How are overweight and oversized baggage fees calculated?","Overweight bags typically cost $100-$200 per bag if they exceed 50 lbs but are under 70 lbs. Bags over 70 or 100 lbs may be refused entirely. Oversized bags exceeding linear dimensions also incur additional fees, often similar to overweight charges."
25,"What is the difference between a codeshare flight and a regular flight?","A codeshare flight means the flight is operated by one airline but marketed under another airline's flight number. The service may vary depending on the actual operating carrier, so check who is really flying you."
26,"Can I get an aisle or window seat if I pay for economy?","You can typically choose your specific seat—aisle, window, or middle—during booking or later via manage my booking. Many airlines charge extra for standard seats during peak times and more for preferred seats like exits or front rows."
27,"What happens to my unused flight segments if I miss a connection?","If you miss a connection due to the airline's delay, they'll rebook you. If it's your fault, airlines usually validate only the first segment used; any remaining segments on the same ticket may be voided. Try arriving in time to use all segments."
28,"How do I dispute an unexpected airline fee?","Call the airline's customer service first and request a refund or waiver. If denied, you can escalate via the airline's complaint department, file a chargeback with your credit card company, or submit a complaint to the DOT in the U.S."
29,"Are airline meal options included on all flights?","Complimentary meals are typically offered only on long-haul international and full-service domestic flights. Short-haul domestic and budget carriers usually sell snacks or meals onboard. Premium classes almost always include food service."
30,"What is a No-Show policy?","Failing to show up for your flight without canceling it can result in forfeiting the remaining segments of your ticket. This is why you should always cancel before missing your flight. Some airlines allow you to change your ticket instead of canceling."
31,"How do international flights differ from domestic regarding baggage?","International economy tickets often include checked bags where domestic may not. Baggage allowances are frequently measured by weight rather than piece count on some international routes, particularly with European carriers (e.g., 23 kg per bag)."
32,"What is the difference between an eTicket and a paper ticket?","Almost all airlines now use electronic tickets exclusively. Your booking confirmation serves as your ticket, and you simply check in online or at the airport using your reservation code. Paper tickets are essentially obsolete."
33,"Can I get a refund if I get sick before my flight?","Refunds for illness generally require travel insurance that includes 'cancel for any reason' or illness coverage. Without it, non-refundable tickets usually provide only an eCredit. Some airlines have health waivers during specific public health situations."
34,"How do airline upgrade waitlists work?","When you request an upgrade and none is available immediately, your name goes on a waitlist. Upgrades are processed based on elite status, fare class, and check-in time closer to departure. Higher-status members get priority."
35,"What should I pack in my personal item for maximum convenience?","Include essentials like your passport, wallet, phone charger, medications, a change of clothes, entertainment, snacks, and any valuables. Since checked bags can be delayed, packing critical items in your carry-on or personal item is wise."
36,"Do I have to pay taxes on basic economy tickets?","Basic economy fares often still require mandatory government taxes and fees even though the base fare is heavily discounted. These taxes cannot be waived, and they apply regardless of whether your ticket is refundable or not."
37,"What is an airline's overbooking policy?","Airlines routinely oversell flights to account for no-shows. If too many passengers show up, they'll first seek volunteers in exchange for compensation (vouchers, upgrades, cash). Denied boarding compensation is regulated and varies by delay length."
38,"Can I bring my musical instrument on the plane?",Small instruments like guitars can sometimes fit in the overhead bin. Larger instruments usually require purchasing an additional seat. Call your airline ahead of time to confirm their specific instrument policy and any special procedures.
39,"How do elite status benefits work with partner airlines?","If your airline is part of an alliance (Star Alliance, SkyTeam, oneworld), your elite status may extend benefits like priority boarding, lounge access, and bonus miles when flying partner carriers. Check each alliance's website for exact perks."
40,"What is Dynamic Pricing in airline tickets?","Dynamic pricing means fares change based on demand, time until departure, competitor prices, and seat availability. Prices typically rise as the flight date approaches, though last-minute deals sometimes appear if flights have empty seats."
41,"How do I know if a fare is refundable before booking?","Refundable fares are explicitly labeled 'Refundable' during checkout. Standard economy tickets usually provide only an eCredit with a change fee (if any). Always review the fare rules on the booking page before confirming."
42,"What is the DOT 24-hour rule and does it apply everywhere?","The DOT 24-hour rule applies to all flights booked through U.S. carriers (domestic or international) and foreign carriers if the flight originates in or arrives in the U.S. It must be booked at least 7 days before departure for eligibility."
43,"Can I check a guitar as baggage?","Yes, but it will count as your checked bag and may be treated as oversized or fragile, potentially incurring extra fees. Use a hard-shell case and consider purchasing insurance. Some airlines have specific instrument policies worth checking first."
44,"What is Advance Seat Selection and how does it differ from free seating?","Advance seat selection lets you pick your exact seat during booking or afterward for a fee. Free seating assigns seats at check-in based on availability. Paying guarantees your preferred location, while free seating doesn't allow early choice."
45,"How does the TSA PreCheck benefit affect airport security?","TSA PreCheck allows eligible travelers to keep on shoes, belts, and light jackets, and leave laptops and liquids in their bags during screening. It requires a separate application and fee but significantly speeds up domestic U.S. travel."
46,"What happens if I buy a ticket on the wrong date?","Contact the airline immediately. Some allow free cancellations within 24 hours even for non-refundable tickets. If that window has passed, you may only receive an eCredit minus a change or cancellation fee depending on their policy."
47,"Can I get compensation if my flight was downgraded?","Yes, EU and other regulations allow compensation for being downgraded from premium to economy on flights within or departing from certain regions. Airlines may refund part of the fare difference plus compensation based on distance."
48,"What are typical carry-on size restrictions?","The most common carry-on size limit is 22 x 14 x 9 inches (56 x 36 x 23 cm) including wheels and handles. Budget airlines may have smaller limits like 21 x 15 x 7 inches. Always verify with your specific airline as restrictions vary."
49,"How does a refundable ticket compare to non-refundable?","Refundable tickets cost more upfront but allow full cash refunds if you cancel, plus greater flexibility for changes. Non-refundable tickets are cheaper but usually only offer eCredits toward future travel with possible change fees."
50,"What documents do I need for international travel besides my ticket?","You'll need a valid passport (with at least six months of validity beyond your trip), any required visas, proof of onward/return travel, and possibly vaccination records. Always check the destination country's entry requirements before traveling."
